{
  "n_squares": 3520,
  "per_square_acc": 0.74375,
  "per_square_acc_before": 0.27244318181818183,
  "piece_only_acc": 0.44663278271918677,
  "loss": 1.2160248366269197,
  "per_class_acc": {
    "wP": 0.8205128205128205,
    "wR": 0.010752688172043012,
    "wN": 0.024390243902439025,
    "wB": 0.5272727272727272,
    "wQ": 0.01818181818181818,
    "wK": 0.03636363636363636,
    "bP": 0.4948453608247423,
    "bR": 0.7363636363636363,
    "bN": 0.0975609756097561,
    "bB": 0.010101010101010102,
    "bQ": 0.6727272727272727,
    "bK": 0.0,
    "empty": 0.9840698869475848
  }
}