{
  "game": "game6",
  "n_frames": 92,
  "n_squares": 5888,
  "per_square_acc": 0.8777173913043478,
  "per_board_acc": 0.0,
  "n_all_correct": 0,
  "mean_squares_correct": 56.17391304347826,
  "piece_only_acc": 0.6828836797877046,
  "loss": 0.4936691224575043,
  "per_class_acc": {
    "wP": 0.9778129952456418,
    "wR": 0.9090909090909091,
    "wN": 0.1926605504587156,
    "wB": 0.125,
    "wQ": 0.0,
    "wK": 0.10869565217391304,
    "bP": 0.9759229534510433,
    "bR": 0.8522727272727273,
    "bN": 0.2956521739130435,
    "bB": 0.46218487394957986,
    "bQ": 0.043478260869565216,
    "bK": 0.2717391304347826,
    "empty": 0.9991728701406121
  }
}