{
  "n_frames": 55,
  "n_squares": 3520,
  "per_square_acc": 0.9517045454545454,
  "per_square_acc_before_ft": 0.31363636363636366,
  "improvement_over_baseline": 0.6380681818181817,
  "per_board_acc": 0.01818181818181818,
  "n_all_correct": 1,
  "mean_squares_correct": 60.90909090909091,
  "piece_only_acc": 0.8945362134688691,
  "loss": 0.1855330694805492,
  "per_class_acc": {
    "wP": 0.9846153846153847,
    "wR": 0.989247311827957,
    "wN": 0.6829268292682927,
    "wB": 0.8818181818181818,
    "wQ": 0.8181818181818182,
    "wK": 0.9818181818181818,
    "bP": 0.9536082474226805,
    "bR": 0.8818181818181818,
    "bN": 0.9512195121951219,
    "bB": 0.7676767676767676,
    "bQ": 0.14545454545454545,
    "bK": 0.9272727272727272,
    "empty": 0.9979445015416238
  }
}