{
  "n_squares": 3520,
  "per_square_acc": 0.9738636363636364,
  "per_square_acc_before": 0.74375,
  "piece_only_acc": 0.9434561626429478,
  "loss": 0.12292823930355636,
  "per_class_acc": {
    "wP": 0.9871794871794872,
    "wR": 1.0,
    "wN": 0.9634146341463414,
    "wB": 0.8454545454545455,
    "wQ": 0.9636363636363636,
    "wK": 0.9818181818181818,
    "bP": 0.979381443298969,
    "bR": 0.9454545454545454,
    "bN": 0.9878048780487805,
    "bB": 0.7171717171717171,
    "bQ": 0.7454545454545455,
    "bK": 0.9272727272727272,
    "empty": 0.9984583761562179
  }
}