{
  "model": "ConvNeXt-Tiny stage3",
  "run_name": "convnext_stage3",
  "source_weights": "/home/eladbaum/chess_project/convnext/checkpoints/convnext_zeroshot/best_synth.pt",
  "test_partition": [
    "game2",
    "game6"
  ],
  "eval_path": "verbatim rescan_checkpoint_selection RealGameDataset/eval_loader/metrics (same harness that reproduced ResNet s00's 0.9085)",
  "n_squares": 10816,
  "per_square_acc": 0.9468380177514792,
  "piece_only_acc": 0.8588528678304239,
  "empty_acc": 0.9986776373787835,
  "per_class_acc": {
    "wP": 0.9922077922077922,
    "wR": 0.9904761904761905,
    "wN": 0.6745562130177515,
    "wB": 0.25862068965517243,
    "wQ": 0.4318181818181818,
    "wK": 0.7514792899408284,
    "bP": 0.9930008748906387,
    "bR": 0.9764150943396226,
    "bN": 0.8011695906432749,
    "bB": 0.5657142857142857,
    "bQ": 0.6183206106870229,
    "bK": 0.5207100591715976,
    "empty": 0.9986776373787835
  },
  "per_game": {
    "game2": {
      "n_frames": 77,
      "n_squares": 4928,
      "per_square": 0.9876217532467533,
      "piece_only": 0.967409948542024
    },
    "game6": {
      "n_frames": 92,
      "n_squares": 5888,
      "per_square": 0.912703804347826,
      "piece_only": 0.7748783724015922
    }
  }
}