{
  "model": "ConvNeXt-Tiny zeroshot",
  "run_name": "convnext_zeroshot",
  "source_weights": "ImageNet",
  "test_partition": [
    "game2",
    "game6"
  ],
  "eval_path": "verbatim rescan_checkpoint_selection RealGameDataset/eval_loader/metrics (same harness that reproduced ResNet s00's 0.9085)",
  "n_squares": 10816,
  "per_square_acc": 0.796042899408284,
  "piece_only_acc": 0.4620947630922693,
  "empty_acc": 0.9928004701733765,
  "per_class_acc": {
    "wP": 0.8294372294372294,
    "wR": 0.7142857142857143,
    "wN": 0.0,
    "wB": 0.07471264367816093,
    "wQ": 0.4318181818181818,
    "wK": 0.1301775147928994,
    "bP": 0.27209098862642167,
    "bR": 0.589622641509434,
    "bN": 0.6842105263157895,
    "bB": 0.18285714285714286,
    "bQ": 0.4961832061068702,
    "bK": 0.01775147928994083,
    "empty": 0.9928004701733765
  },
  "per_game": {
    "game2": {
      "n_frames": 77,
      "n_squares": 4928,
      "per_square": 0.7792207792207793,
      "piece_only": 0.3933676386506575
    },
    "game6": {
      "n_frames": 92,
      "n_squares": 5888,
      "per_square": 0.8101222826086957,
      "piece_only": 0.5152587350729766
    }
  }
}