{
  "n_samples": 19584,
  "slice_frac": 0.05,
  "source_weights": "ImageNet",
  "synth_monitor_acc_before": 0.40762867647058826,
  "synth_monitor_acc_after": 0.9997957516339869,
  "forgetting_delta": 0.5921670751633987,
  "piece_only_acc": 0.9993733354222153,
  "loss": 0.0007134332623978395,
  "per_class_acc": {
    "wP": 1.0,
    "wR": 0.9975786924939467,
    "wN": 1.0,
    "wB": 0.9966996699669967,
    "wQ": 1.0,
    "wK": 0.9967320261437909,
    "bP": 1.0,
    "bR": 1.0,
    "bN": 1.0,
    "bB": 1.0,
    "bQ": 1.0,
    "bK": 0.9967320261437909,
    "empty": 1.0
  },
  "note": "\u0394 vs source weights. zeroshot/stage5 source=ImageNet (~chance) so \u0394 is acquisition not forgetting; stage3 source=convnext_zeroshot so \u0394 is true forgetting."
}