{
  "game": "game4",
  "n_frames": 184,
  "n_squares": 11776,
  "per_square_acc": 0.8524966032608695,
  "per_board_acc": 0.0,
  "n_all_correct": 0,
  "mean_squares_correct": 54.55978260869565,
  "piece_only_acc": 0.43742780130920295,
  "loss": 0.6249794153415639,
  "per_class_acc": {
    "wP": 0.8335832083958021,
    "wR": 0.41739130434782606,
    "wN": 0.028846153846153848,
    "wB": 0.618421052631579,
    "wQ": 0.12195121951219512,
    "wK": 0.09239130434782608,
    "bP": 0.4631782945736434,
    "bR": 0.6697247706422018,
    "bN": 0.038461538461538464,
    "bB": 0.11688311688311688,
    "bQ": 0.07317073170731707,
    "bK": 0.0,
    "empty": 0.9699313650724479
  }
}