{
  "n_samples": 19584,
  "slice_frac": 0.05,
  "overall_acc_after_ft": 0.9100796568627451,
  "overall_acc_before_ft": 0.9997446895424836,
  "catastrophic_forgetting_delta": -0.08966503267973858,
  "piece_only_acc": 0.7242675857747141,
  "loss": 0.30319044449871857,
  "per_class_acc": {
    "wP": 0.8093294460641399,
    "wR": 0.7021791767554479,
    "wN": 0.31901840490797545,
    "wB": 0.6897689768976898,
    "wQ": 0.5737704918032787,
    "wK": 0.4117647058823529,
    "bP": 0.8323244552058111,
    "bR": 0.9028436018957346,
    "bN": 0.9414225941422594,
    "bB": 0.34023668639053256,
    "bQ": 0.7944444444444444,
    "bK": 0.5294117647058824,
    "empty": 0.999924248163018
  }
}