{
  "game5": {
    "square_acc": 0.5040137614678899,
    "board_acc": 0.0,
    "n_boards": 109
  },
  "game6": {
    "square_acc": 0.479789402173913,
    "board_acc": 0.0,
    "n_boards": 92
  },
  "game7": {
    "square_acc": 0.32642045454545454,
    "board_acc": 0.0,
    "n_boards": 55
  }
}