{
  "game": "game6",
  "n_frames": 92,
  "n_squares": 5888,
  "per_square_acc": 0.46042798913043476,
  "per_board_acc": 0.0,
  "n_all_correct": 0,
  "mean_squares_correct": 29.467391304347824,
  "piece_only_acc": 0.31711632021229547,
  "loss": 2.276428804449413,
  "per_class_acc": {
    "wP": 0.009508716323296355,
    "wR": 0.42045454545454547,
    "wN": 0.0,
    "wB": 0.0,
    "wQ": 0.9782608695652174,
    "wK": 0.1956521739130435,
    "bP": 0.8202247191011236,
    "bR": 0.19318181818181818,
    "bN": 0.0,
    "bB": 0.2773109243697479,
    "bQ": 0.05434782608695652,
    "bK": 0.0,
    "empty": 0.5497656465398401
  }
}