{
  "game": "game4",
  "n_frames": 184,
  "n_squares": 11776,
  "per_square_acc": 0.5844938858695652,
  "per_board_acc": 0.0,
  "n_all_correct": 0,
  "mean_squares_correct": 37.40760869565217,
  "piece_only_acc": 0.15787447054293416,
  "loss": 2.0220863106458085,
  "per_class_acc": {
    "wP": 0.13943028485757122,
    "wR": 0.09130434782608696,
    "wN": 0.009615384615384616,
    "wB": 0.05263157894736842,
    "wQ": 0.975609756097561,
    "wK": 0.021739130434782608,
    "bP": 0.23449612403100775,
    "bR": 0.5091743119266054,
    "bN": 0.02564102564102564,
    "bB": 0.07142857142857142,
    "bQ": 0.024390243902439025,
    "bK": 0.0,
    "empty": 0.705196644514653
  }
}