{
  "game": "game5",
  "n_frames": 109,
  "n_squares": 6976,
  "per_square_acc": 0.6301605504587156,
  "per_board_acc": 0.0,
  "n_all_correct": 0,
  "mean_squares_correct": 40.330275229357795,
  "piece_only_acc": 0.16774193548387098,
  "loss": 2.172971117387124,
  "per_class_acc": {
    "wP": 0.0,
    "wR": 0.08280254777070063,
    "wN": 0.0,
    "wB": 0.0,
    "wQ": 1.0,
    "wK": 0.0,
    "bP": 0.44339622641509435,
    "bR": 0.26875,
    "bN": 0.07894736842105263,
    "bB": 0.0,
    "bQ": 0.0,
    "bK": 0.0,
    "empty": 0.8179802459181617
  }
}