{
  "n_samples": 37440,
  "overall_acc": 0.9996794871794872,
  "piece_only_acc": 0.9989417989417989,
  "loss": 0.0008486178453277429,
  "per_class_acc": {
    "wP": 1.0,
    "wR": 1.0,
    "wN": 1.0,
    "wB": 1.0,
    "wQ": 0.9968253968253968,
    "wK": 0.9931623931623932,
    "bP": 1.0,
    "bR": 0.9988304093567252,
    "bN": 1.0,
    "bB": 0.9929824561403509,
    "bQ": 0.9933333333333333,
    "bK": 1.0,
    "empty": 1.0
  },
  "per_view": {
    "overhead": {
      "n": 12480,
      "acc": 0.9995993589743589
    },
    "west": {
      "n": 12480,
      "acc": 0.9995192307692308
    },
    "east": {
      "n": 12480,
      "acc": 0.9999198717948717
    }
  },
  "best_synth_epoch": 9,
  "best_synth_val_acc": 0.999780701754386
}