{
  "game": "game2",
  "n_frames": 77,
  "n_squares": 4928,
  "per_square_acc": 0.9492694805194806,
  "per_board_acc": 0.03896103896103896,
  "n_all_correct": 3,
  "mean_squares_correct": 60.753246753246756,
  "piece_only_acc": 0.8582046883933676,
  "loss": 0.1638468363890787,
  "per_class_acc": {
    "wP": 0.916030534351145,
    "wR": 0.9836065573770492,
    "wN": 0.6666666666666666,
    "wB": 0.8888888888888888,
    "wQ": 0.375,
    "wK": 0.948051948051948,
    "bP": 0.9384615384615385,
    "bR": 0.8306451612903226,
    "bN": 0.6071428571428571,
    "bB": 0.5714285714285714,
    "bQ": 0.20512820512820512,
    "bK": 0.7792207792207793,
    "empty": 0.9993708713431897
  }
}