{
  "game": "game6",
  "n_frames": 92,
  "n_squares": 5888,
  "per_square_acc": 0.8556385869565217,
  "per_board_acc": 0.0,
  "n_all_correct": 0,
  "mean_squares_correct": 54.76086956521739,
  "piece_only_acc": 0.625829279080053,
  "loss": 0.5481651133817175,
  "per_class_acc": {
    "wP": 0.9445324881141046,
    "wR": 0.9431818181818182,
    "wN": 0.11926605504587157,
    "wB": 0.09166666666666666,
    "wQ": 0.0,
    "wK": 0.05434782608695652,
    "bP": 0.9903691813804173,
    "bR": 0.3977272727272727,
    "bN": 0.09565217391304348,
    "bB": 0.2689075630252101,
    "bQ": 0.08695652173913043,
    "bK": 0.043478260869565216,
    "empty": 0.9988971601874828
  }
}