{
  "balance_strength": 0.0,
  "balance_formula": "inv_sqrt",
  "empty_tol": 0.01,
  "game7": {
    "empty_baseline": 0.9984583761562179,
    "empty_after": 0.9984583761562179,
    "empty_drop": 0.0,
    "wP_after": 0.9794871794871794,
    "bP_after": 0.9742268041237113
  },
  "held_out_2_6": {
    "empty_baseline": 0.9985307081986482,
    "empty_after": 0.9991184249191889,
    "empty_drop": -0.0005877167205406986,
    "wP_after": 0.9316017316017317,
    "bP_after": 0.9667541557305337
  },
  "over_correction_flag": false
}