{
  "n_samples": 19584,
  "slice_frac": 0.05,
  "overall_acc_after_ft": 0.998672385620915,
  "overall_acc_before_ft": 0.9997446895424836,
  "catastrophic_forgetting_delta": -0.0010723039215686514,
  "piece_only_acc": 0.9959266802443992,
  "loss": 0.0071071797401303415,
  "per_class_acc": {
    "wP": 0.9994169096209913,
    "wR": 0.9951573849878934,
    "wN": 1.0,
    "wB": 0.9900990099009901,
    "wQ": 0.994535519125683,
    "wK": 0.9869281045751634,
    "bP": 0.9981840193704601,
    "bR": 0.995260663507109,
    "bN": 1.0,
    "bB": 0.9970414201183432,
    "bQ": 0.9666666666666667,
    "bK": 0.9901960784313726,
    "empty": 1.0
  }
}