{
  "game": "game2",
  "n_frames": 77,
  "n_squares": 4928,
  "per_square_acc": 0.9303977272727273,
  "per_board_acc": 0.012987012987012988,
  "n_all_correct": 1,
  "mean_squares_correct": 59.54545454545455,
  "piece_only_acc": 0.808461978273299,
  "loss": 0.2380679411837807,
  "per_class_acc": {
    "wP": 0.8396946564885496,
    "wR": 0.8770491803278688,
    "wN": 0.5333333333333333,
    "wB": 0.7777777777777778,
    "wQ": 0.4,
    "wK": 0.922077922077922,
    "bP": 0.9211538461538461,
    "bR": 0.7016129032258065,
    "bN": 0.5892857142857143,
    "bB": 0.625,
    "bQ": 0.38461538461538464,
    "bK": 0.7402597402597403,
    "empty": 0.9974834853727588
  }
}