{
  "n_frames": 55,
  "n_squares": 3520,
  "per_square_acc": 0.9346590909090909,
  "per_square_acc_before_ft": 0.5664772727272728,
  "improvement_over_baseline": 0.36818181818181817,
  "per_board_acc": 0.0,
  "n_all_correct": 0,
  "mean_squares_correct": 59.81818181818182,
  "piece_only_acc": 0.8570520965692503,
  "loss": 0.24962810325351628,
  "per_class_acc": {
    "wP": 0.9769230769230769,
    "wR": 0.9354838709677419,
    "wN": 0.6585365853658537,
    "wB": 0.6818181818181818,
    "wQ": 0.36363636363636365,
    "wK": 0.9454545454545454,
    "bP": 0.9484536082474226,
    "bR": 0.8727272727272727,
    "bN": 0.926829268292683,
    "bB": 0.8181818181818182,
    "bQ": 0.12727272727272726,
    "bK": 0.9454545454545454,
    "empty": 0.9974306269270298
  }
}