{
  "game": "game6",
  "n_frames": 92,
  "n_squares": 5888,
  "per_square_acc": 0.8668478260869565,
  "per_board_acc": 0.0,
  "n_all_correct": 0,
  "mean_squares_correct": 55.47826086956522,
  "piece_only_acc": 0.6563467492260062,
  "loss": 0.7464634121760078,
  "per_class_acc": {
    "wP": 0.9968304278922345,
    "wR": 0.875,
    "wN": 0.0,
    "wB": 0.05,
    "wQ": 0.0,
    "wK": 0.10869565217391304,
    "bP": 0.9887640449438202,
    "bR": 0.8636363636363636,
    "bN": 0.008695652173913044,
    "bB": 0.42857142857142855,
    "bQ": 0.1956521739130435,
    "bK": 0.0,
    "empty": 0.9980700303280948
  }
}