{
  "balance_strength": 0.0,
  "balance_formula": "inv_sqrt",
  "empty_tol": 0.01,
  "game7": {
    "empty_baseline": 0.9984583761562179,
    "empty_after": 0.9974306269270298,
    "empty_drop": 0.0010277492291881352,
    "wP_after": 0.9769230769230769,
    "bP_after": 0.9484536082474226
  },
  "held_out_2_6": {
    "empty_baseline": 0.9985307081986482,
    "empty_after": 0.9977960622979724,
    "empty_drop": 0.0007346459006758455,
    "wP_after": 0.9255411255411256,
    "bP_after": 0.958005249343832
  },
  "over_correction_flag": false
}