{
  "test_partition": [
    "game2",
    "game6"
  ],
  "n_frames": 169,
  "n_squares": 10816,
  "per_square_acc": 0.8576183431952663,
  "per_board_acc": 0.0,
  "n_all_correct": 0,
  "piece_only_acc": 0.6314214463840399,
  "per_class_acc": {
    "wP": 0.8675324675324675,
    "wR": 0.8142857142857143,
    "wN": 0.023668639053254437,
    "wB": 0.5172413793103449,
    "wQ": 0.1590909090909091,
    "wK": 0.17159763313609466,
    "bP": 0.8530183727034121,
    "bR": 0.5188679245283019,
    "bN": 0.42105263157894735,
    "bB": 0.06857142857142857,
    "bQ": 0.2366412213740458,
    "bK": 0.08875739644970414,
    "empty": 0.9908903908316191
  }
}