{
  "balance_strength": 0.5,
  "balance_formula": "inv_sqrt",
  "beta": null,
  "n_train_squares": 20672,
  "class_short": [
    "wP",
    "wR",
    "wN",
    "wB",
    "wQ",
    "wK",
    "bP",
    "bR",
    "bN",
    "bB",
    "bQ",
    "bK",
    "empty"
  ],
  "counts": {
    "wP": 1376,
    "wR": 435,
    "wN": 308,
    "wB": 231,
    "wQ": 105,
    "wK": 323,
    "bP": 1227,
    "bR": 426,
    "bN": 144,
    "bB": 302,
    "bQ": 104,
    "bK": 323,
    "empty": 15368
  },
  "weights": {
    "wP": 0.7398570775985718,
    "wR": 0.9265963435173035,
    "wN": 1.0069748163223267,
    "wB": 1.0854040384292603,
    "wQ": 1.368294596672058,
    "wK": 0.9950630068778992,
    "bP": 0.7540033459663391,
    "bR": 0.931079089641571,
    "bN": 1.2414476871490479,
    "bB": 1.011986255645752,
    "bQ": 1.372459053993225,
    "bK": 0.9950630068778992,
    "empty": 0.5717716813087463
  },
  "note": "strength=0.0 yields all-ones weights == plain CrossEntropyLoss; counts from 30 manual + game4 + game5 PGN only (no synth, no test/monitor)."
}