{
  "n_frames": 55,
  "n_squares": 3520,
  "per_square_acc": 0.9409090909090909,
  "per_square_acc_before_ft": 0.5670454545454545,
  "improvement_over_baseline": 0.3738636363636364,
  "per_board_acc": 0.0,
  "n_all_correct": 0,
  "mean_squares_correct": 60.21818181818182,
  "piece_only_acc": 0.8697585768742059,
  "loss": 0.23130966804244302,
  "per_class_acc": {
    "wP": 0.982051282051282,
    "wR": 0.967741935483871,
    "wN": 0.6097560975609756,
    "wB": 0.8727272727272727,
    "wQ": 0.6727272727272727,
    "wK": 0.9454545454545454,
    "bP": 0.9587628865979382,
    "bR": 0.8636363636363636,
    "bN": 0.9634146341463414,
    "bB": 0.5757575757575758,
    "bQ": 0.12727272727272726,
    "bK": 0.9272727272727272,
    "empty": 0.9984583761562179
  }
}