{
  "game": "game2",
  "n_frames": 77,
  "n_squares": 4928,
  "per_square_acc": 0.9517045454545454,
  "per_board_acc": 0.025974025974025976,
  "n_all_correct": 2,
  "mean_squares_correct": 60.90909090909091,
  "piece_only_acc": 0.8673527730131504,
  "loss": 0.152311136438088,
  "per_class_acc": {
    "wP": 0.9026717557251909,
    "wR": 0.9836065573770492,
    "wN": 0.7666666666666667,
    "wB": 0.9074074074074074,
    "wQ": 0.65,
    "wK": 0.948051948051948,
    "bP": 0.926923076923077,
    "bR": 0.8225806451612904,
    "bN": 0.7678571428571429,
    "bB": 0.5714285714285714,
    "bQ": 0.41025641025641024,
    "bK": 0.7142857142857143,
    "empty": 0.9981126140295691
  }
}