{
  "n_samples": 19584,
  "slice_frac": 0.05,
  "overall_acc_after_ft": 0.8597324346405228,
  "overall_acc_before_ft": 0.9997446895424836,
  "catastrophic_forgetting_delta": -0.1400122549019608,
  "piece_only_acc": 0.5707347642174526,
  "loss": 0.5482484096405553,
  "per_class_acc": {
    "wP": 0.7131195335276967,
    "wR": 0.34382566585956414,
    "wN": 0.003067484662576687,
    "wB": 0.22772277227722773,
    "wQ": 0.07650273224043716,
    "wK": 0.09477124183006536,
    "bP": 0.9878934624697336,
    "bR": 0.9289099526066351,
    "bN": 0.39748953974895396,
    "bB": 0.12721893491124261,
    "bQ": 0.011111111111111112,
    "bK": 0.0032679738562091504,
    "empty": 0.9994697371411256
  }
}