{
  "n_frames": 55,
  "n_squares": 3520,
  "per_square_acc": 0.5213068181818182,
  "per_board_acc": 0.0,
  "n_all_correct": 0,
  "mean_squares_correct": 33.36363636363637,
  "piece_only_acc": 0.2071156289707751,
  "loss": 2.7434911836277354,
  "per_class_acc": {
    "wP": 0.10512820512820513,
    "wR": 0.24731182795698925,
    "wN": 0.0,
    "wB": 0.05454545454545454,
    "wQ": 0.9636363636363636,
    "wK": 0.05454545454545454,
    "bP": 0.3324742268041237,
    "bR": 0.39090909090909093,
    "bN": 0.036585365853658534,
    "bB": 0.1414141414141414,
    "bQ": 0.2,
    "bK": 0.0,
    "empty": 0.7754367934224049
  },
  "peak_real_val_acc_during_training": 0.5798295454545455,
  "peak_real_val_epoch": 5
}