{
  "game": "game2",
  "n_frames": 77,
  "n_squares": 4928,
  "per_square_acc": 0.546672077922078,
  "per_board_acc": 0.0,
  "n_all_correct": 0,
  "mean_squares_correct": 34.98701298701299,
  "piece_only_acc": 0.11206403659233848,
  "loss": 2.6883192077859657,
  "per_class_acc": {
    "wP": 0.003816793893129771,
    "wR": 0.06557377049180328,
    "wN": 0.0,
    "wB": 0.0,
    "wQ": 1.0,
    "wK": 0.0,
    "bP": 0.21153846153846154,
    "bR": 0.16129032258064516,
    "bN": 0.07142857142857142,
    "bB": 0.21428571428571427,
    "bQ": 0.0,
    "bK": 0.0,
    "empty": 0.7857816923560869
  }
}