{
  "views": [
    "identity",
    "bright+",
    "bright-",
    "contrast+",
    "contrast-",
    "shear+8",
    "shear-8",
    "scale1.05"
  ],
  "agg": {
    "per_square": 0.9078217455621301,
    "piece_only": 0.7538653366583541
  },
  "game2": [
    0.9575892857142857,
    0.8839336763865066,
    0.9981126140295691
  ],
  "game6": [
    0.8661684782608695,
    0.653250773993808,
    0.9988971601874828
  ],
  "per_class": {
    "wP": 0.9662337662337662,
    "wR": 0.9809523809523809,
    "wN": 0.3254437869822485,
    "wB": 0.3390804597701149,
    "wQ": 0.13636363636363635,
    "wK": 0.4556213017751479,
    "bP": 0.963254593175853,
    "bR": 0.8867924528301887,
    "bN": 0.3157894736842105,
    "bB": 0.35428571428571426,
    "bQ": 0.183206106870229,
    "bK": 0.3727810650887574,
    "empty": 0.9985307081986482
  }
}