{
  "game": "game6",
  "n_frames": 92,
  "n_squares": 5888,
  "per_square_acc": 0.868546195652174,
  "per_board_acc": 0.0,
  "n_all_correct": 0,
  "mean_squares_correct": 55.58695652173913,
  "piece_only_acc": 0.6594427244582043,
  "loss": 0.596253910790319,
  "per_class_acc": {
    "wP": 0.9920760697305864,
    "wR": 0.9659090909090909,
    "wN": 0.13761467889908258,
    "wB": 0.08333333333333333,
    "wQ": 0.0,
    "wK": 0.03260869565217391,
    "bP": 0.9919743178170144,
    "bR": 0.9090909090909091,
    "bN": 0.043478260869565216,
    "bB": 0.2605042016806723,
    "bQ": 0.16304347826086957,
    "bK": 0.03260869565217391,
    "empty": 0.9988971601874828
  }
}