{
  "balance_strength": 0.0,
  "balance_formula": "inv_sqrt",
  "empty_tol": 0.01,
  "game7": {
    "empty_baseline": 0.9984583761562179,
    "empty_after": 0.9984583761562179,
    "empty_drop": 0.0,
    "wP_after": 0.9846153846153847,
    "bP_after": 0.9664948453608248
  },
  "held_out_2_6": {
    "empty_baseline": 0.9985307081986482,
    "empty_after": 0.9985307081986482,
    "empty_drop": 0.0,
    "wP_after": 0.9662337662337662,
    "bP_after": 0.9606299212598425
  },
  "over_correction_flag": false
}