{
  "n_samples": 19584,
  "slice_frac": 0.05,
  "overall_acc_after_ft": 0.8702512254901961,
  "overall_acc_before_ft": 0.9997446895424836,
  "catastrophic_forgetting_delta": -0.12949346405228757,
  "piece_only_acc": 0.6025379915400282,
  "loss": 0.5247274543237842,
  "per_class_acc": {
    "wP": 0.7924198250728863,
    "wR": 0.31476997578692495,
    "wN": 0.003067484662576687,
    "wB": 0.22112211221122113,
    "wQ": 0.08743169398907104,
    "wK": 0.06535947712418301,
    "bP": 0.9909200968523002,
    "bR": 0.9312796208530806,
    "bN": 0.7112970711297071,
    "bB": 0.10355029585798817,
    "bQ": 0.09444444444444444,
    "bK": 0.0032679738562091504,
    "empty": 0.9996969926520718
  }
}