{
  "n_samples": 19584,
  "slice_frac": 0.05,
  "overall_acc_after_ft": 0.9536356209150327,
  "overall_acc_before_ft": 0.9997446895424836,
  "catastrophic_forgetting_delta": -0.0461090686274509,
  "piece_only_acc": 0.8585304715650948,
  "loss": 0.18037019472103566,
  "per_class_acc": {
    "wP": 0.9760932944606414,
    "wR": 0.9515738498789347,
    "wN": 0.5766871165644172,
    "wB": 0.7557755775577558,
    "wQ": 0.6284153005464481,
    "wK": 0.2679738562091503,
    "bP": 0.9993946731234867,
    "bR": 0.9786729857819905,
    "bN": 0.9707112970711297,
    "bB": 0.6686390532544378,
    "bQ": 0.6,
    "bK": 0.5522875816993464,
    "empty": 0.9996212408150897
  }
}