{
  "game": "game2",
  "n_frames": 77,
  "n_squares": 4928,
  "per_square_acc": 0.9616477272727273,
  "per_board_acc": 0.12987012987012986,
  "n_all_correct": 10,
  "mean_squares_correct": 61.54545454545455,
  "piece_only_acc": 0.8936535162950258,
  "loss": 0.12731519039091352,
  "per_class_acc": {
    "wP": 0.950381679389313,
    "wR": 0.9836065573770492,
    "wN": 0.55,
    "wB": 0.8518518518518519,
    "wQ": 0.45,
    "wK": 0.935064935064935,
    "bP": 0.9711538461538461,
    "bR": 0.8629032258064516,
    "bN": 0.6785714285714286,
    "bB": 0.7678571428571429,
    "bQ": 0.46153846153846156,
    "bK": 0.8441558441558441,
    "empty": 0.9990563070147845
  }
}