{
  "test_partition": [
    "game2",
    "game6"
  ],
  "n_frames": 169,
  "n_squares": 10816,
  "per_square_acc": 0.9083764792899408,
  "per_board_acc": 0.03550295857988166,
  "n_all_correct": 6,
  "piece_only_acc": 0.7553615960099751,
  "per_class_acc": {
    "wP": 0.9679653679653679,
    "wR": 0.9761904761904762,
    "wN": 0.33727810650887574,
    "wB": 0.3333333333333333,
    "wQ": 0.15151515151515152,
    "wK": 0.4556213017751479,
    "bP": 0.9606299212598425,
    "bR": 0.8726415094339622,
    "bN": 0.30409356725146197,
    "bB": 0.37142857142857144,
    "bQ": 0.2366412213740458,
    "bK": 0.3727810650887574,
    "empty": 0.9985307081986482
  }
}