{
  "n_samples": 19584,
  "slice_frac": 0.05,
  "overall_acc_after_ft": 0.9920853758169934,
  "overall_acc_before_ft": 0.20751633986928106,
  "catastrophic_forgetting_delta": 0.7845690359477123,
  "piece_only_acc": 0.9758734137552875,
  "loss": 0.025143125090478717,
  "per_class_acc": {
    "wP": 0.993002915451895,
    "wR": 0.9515738498789347,
    "wN": 0.9877300613496932,
    "wB": 0.9471947194719472,
    "wQ": 0.8743169398907104,
    "wK": 0.9084967320261438,
    "bP": 0.9969733656174334,
    "bR": 0.990521327014218,
    "bN": 1.0,
    "bB": 0.9615384615384616,
    "bQ": 0.9333333333333333,
    "bK": 0.9444444444444444,
    "empty": 0.999924248163018
  }
}