{
  "n_frames": 55,
  "n_squares": 3520,
  "per_square_acc": 0.8036931818181818,
  "per_square_acc_before_ft": 0.5670454545454545,
  "improvement_over_baseline": 0.23664772727272732,
  "per_board_acc": 0.0,
  "n_all_correct": 0,
  "mean_squares_correct": 51.43636363636364,
  "piece_only_acc": 0.5844980940279543,
  "loss": 0.761065796288577,
  "per_class_acc": {
    "wP": 0.7974358974358975,
    "wR": 0.8064516129032258,
    "wN": 0.0,
    "wB": 0.5272727272727272,
    "wQ": 0.36363636363636365,
    "wK": 0.01818181818181818,
    "bP": 0.7087628865979382,
    "bR": 0.7090909090909091,
    "bN": 0.12195121951219512,
    "bB": 0.40404040404040403,
    "bQ": 0.7636363636363637,
    "bK": 0.18181818181818182,
    "empty": 0.9809866392600206
  }
}