{
  "game": "game4",
  "n_frames": 184,
  "n_squares": 11776,
  "per_square_acc": 0.8701596467391305,
  "per_board_acc": 0.0,
  "n_all_correct": 0,
  "mean_squares_correct": 55.69021739130435,
  "piece_only_acc": 0.4474393530997305,
  "loss": 0.520839720721478,
  "per_class_acc": {
    "wP": 0.8215892053973014,
    "wR": 0.3391304347826087,
    "wN": 0.02403846153846154,
    "wB": 0.75,
    "wQ": 0.34146341463414637,
    "wK": 0.059782608695652176,
    "bP": 0.5232558139534884,
    "bR": 0.47706422018348627,
    "bN": 0.05128205128205128,
    "bB": 0.15584415584415584,
    "bQ": 0.2682926829268293,
    "bK": 0.1956521739130435,
    "empty": 0.9897592330319207
  }
}