{
  "game": "game5",
  "n_frames": 109,
  "n_squares": 6976,
  "per_square_acc": 0.8387327981651376,
  "per_board_acc": 0.0,
  "n_all_correct": 0,
  "mean_squares_correct": 53.678899082568805,
  "piece_only_acc": 0.4803970223325062,
  "loss": 0.5941782730435012,
  "per_class_acc": {
    "wP": 0.7226415094339622,
    "wR": 0.535031847133758,
    "wN": 0.0,
    "wB": 0.6,
    "wQ": 0.09090909090909091,
    "wK": 0.0,
    "bP": 0.6094339622641509,
    "bR": 0.40625,
    "bN": 0.3157894736842105,
    "bB": 0.08181818181818182,
    "bQ": 0.3953488372093023,
    "bK": 0.01834862385321101,
    "empty": 0.9842773634347913
  }
}