{
  "n_samples": 19584,
  "slice_frac": 0.05,
  "overall_acc_after_ft": 0.9201899509803921,
  "overall_acc_before_ft": 0.9997446895424836,
  "catastrophic_forgetting_delta": -0.0795547385620915,
  "piece_only_acc": 0.7560708130972896,
  "loss": 0.28251598844779474,
  "per_class_acc": {
    "wP": 0.8472303206997085,
    "wR": 0.612590799031477,
    "wN": 0.294478527607362,
    "wB": 0.5643564356435643,
    "wQ": 0.8415300546448088,
    "wK": 0.4215686274509804,
    "bP": 0.9073849878934624,
    "bR": 0.9004739336492891,
    "bN": 0.9748953974895398,
    "bB": 0.45857988165680474,
    "bQ": 0.8444444444444444,
    "bK": 0.4934640522875817,
    "empty": 0.9995454889781077
  }
}