{
  "game": "game6",
  "n_frames": 92,
  "n_squares": 5888,
  "per_square_acc": 0.8581861413043478,
  "per_board_acc": 0.0,
  "n_all_correct": 0,
  "mean_squares_correct": 54.92391304347826,
  "piece_only_acc": 0.6324635117204777,
  "loss": 0.494248507787352,
  "per_class_acc": {
    "wP": 0.9952456418383518,
    "wR": 0.7386363636363636,
    "wN": 0.027522935779816515,
    "wB": 0.11666666666666667,
    "wQ": 0.0,
    "wK": 0.03260869565217391,
    "bP": 0.9036918138041734,
    "bR": 0.75,
    "bN": 0.3652173913043478,
    "bB": 0.12605042016806722,
    "bQ": 0.021739130434782608,
    "bK": 0.31521739130434784,
    "empty": 0.9988971601874828
  }
}