{
  "game": "game2",
  "n_frames": 77,
  "n_squares": 4928,
  "per_square_acc": 0.8238636363636364,
  "per_board_acc": 0.0,
  "n_all_correct": 0,
  "mean_squares_correct": 52.72727272727273,
  "piece_only_acc": 0.5157232704402516,
  "loss": 0.5995987442793784,
  "per_class_acc": {
    "wP": 0.8549618320610687,
    "wR": 0.5163934426229508,
    "wN": 0.3333333333333333,
    "wB": 0.3333333333333333,
    "wQ": 0.0,
    "wK": 0.012987012987012988,
    "bP": 0.5269230769230769,
    "bR": 0.3467741935483871,
    "bN": 0.05357142857142857,
    "bB": 0.0,
    "bQ": 0.0,
    "bK": 0.4155844155844156,
    "empty": 0.9933941491034917
  }
}