{
  "game": "game5",
  "n_frames": 109,
  "n_squares": 6976,
  "per_square_acc": 0.8216743119266054,
  "per_board_acc": 0.0,
  "n_all_correct": 0,
  "mean_squares_correct": 52.58715596330275,
  "piece_only_acc": 0.40694789081885857,
  "loss": 0.5611391555552089,
  "per_class_acc": {
    "wP": 0.7358490566037735,
    "wR": 0.3630573248407643,
    "wN": 0.21428571428571427,
    "wB": 0.3826086956521739,
    "wQ": 0.0,
    "wK": 0.027522935779816515,
    "bP": 0.3886792452830189,
    "bR": 0.2875,
    "bN": 0.0,
    "bB": 0.0,
    "bQ": 0.0,
    "bK": 0.5412844036697247,
    "empty": 0.9901229590808305
  }
}