{
  "game": "game4",
  "n_frames": 184,
  "n_squares": 11776,
  "per_square_acc": 0.8824728260869565,
  "per_board_acc": 0.0,
  "n_all_correct": 0,
  "mean_squares_correct": 56.47826086956522,
  "piece_only_acc": 0.4874855602618406,
  "loss": 0.38442520716268086,
  "per_class_acc": {
    "wP": 0.8590704647676162,
    "wR": 0.3869565217391304,
    "wN": 0.019230769230769232,
    "wB": 0.39473684210526316,
    "wQ": 0.36585365853658536,
    "wK": 0.08152173913043478,
    "bP": 0.624031007751938,
    "bR": 0.29357798165137616,
    "bN": 0.07692307692307693,
    "bB": 0.09090909090909091,
    "bQ": 0.3170731707317073,
    "bK": 0.657608695652174,
    "empty": 0.9942259505392744
  }
}