{
  "test_partition": [
    "game2",
    "game4",
    "game5",
    "game6"
  ],
  "n_frames": 462,
  "n_squares": 29568,
  "per_square_acc": 0.8582251082251082,
  "per_board_acc": 0.0,
  "n_all_correct": 0,
  "piece_only_acc": 0.5408257944792392,
  "per_class_acc": {
    "wP": 0.8222789115646258,
    "wR": 0.5577889447236181,
    "wN": 0.020134228187919462,
    "wB": 0.5917808219178082,
    "wQ": 0.17972350230414746,
    "wK": 0.08658008658008658,
    "bP": 0.7163088168113294,
    "bR": 0.4728813559322034,
    "bN": 0.30662020905923343,
    "bB": 0.10250569476082004,
    "bQ": 0.2744186046511628,
    "bK": 0.11471861471861472,
    "empty": 0.9888761577389478
  }
}