{
  "model": "ConvNeXt-Tiny stage5",
  "run_name": "convnext_stage5",
  "source_weights": "ImageNet",
  "test_partition": [
    "game2",
    "game6"
  ],
  "eval_path": "verbatim rescan_checkpoint_selection RealGameDataset/eval_loader/metrics (same harness that reproduced ResNet s00's 0.9085)",
  "n_squares": 10816,
  "per_square_acc": 0.9557137573964497,
  "piece_only_acc": 0.8827930174563591,
  "empty_acc": 0.9986776373787835,
  "per_class_acc": {
    "wP": 0.9956709956709957,
    "wR": 0.9809523809523809,
    "wN": 0.8402366863905325,
    "wB": 0.3103448275862069,
    "wQ": 0.6060606060606061,
    "wK": 0.7100591715976331,
    "bP": 0.9921259842519685,
    "bR": 0.9716981132075472,
    "bN": 0.8830409356725146,
    "bB": 0.68,
    "bQ": 0.6564885496183206,
    "bK": 0.5443786982248521,
    "empty": 0.9986776373787835
  },
  "per_game": {
    "game2": {
      "n_frames": 77,
      "n_squares": 4928,
      "per_square": 0.9855925324675324,
      "piece_only": 0.9622641509433962
    },
    "game6": {
      "n_frames": 92,
      "n_squares": 5888,
      "per_square": 0.9307065217391305,
      "piece_only": 0.8213180008845643
    }
  }
}