{
  "train_loss": [
    0.09188283057468143,
    0.017861448375917497,
    0.01089959160371381,
    0.007509174569477297,
    0.004448082110811926,
    0.0031972900267727864,
    0.0016326179272724334,
    0.0009750647729277169,
    0.0006836475461157325,
    0.000370265109598274
  ],
  "train_acc": [
    0.9716252612460191,
    0.9941468451433121,
    0.9963410006966561,
    0.9975694790007962,
    0.9985071656050956,
    0.9989752313893312,
    0.9995272691082803,
    0.9997169834792994,
    0.9998227259156051,
    0.9999144730294586
  ],
  "val_loss": [
    0.028811420400571195,
    0.02702900463543746,
    0.012493645283788895,
    0.007054097331943609,
    0.007423233743124476,
    0.006076769459234699,
    0.005218746552032221,
    0.003918043847196428,
    0.0037268991285660494,
    0.0036882458229394893
  ],
  "val_acc": [
    0.9906166219839142,
    0.991649910634495,
    0.9958109919571045,
    0.9975843386952636,
    0.9975424486148347,
    0.9981149463806971,
    0.9982545799821269,
    0.9987572609472744,
    0.9988829311885612,
    0.9989248212689902
  ],
  "val_board_acc": [
    0.644325315952301,
    0.6398569941520691,
    0.8060768246650696,
    0.8999106287956238,
    0.8829311728477478,
    0.9079535007476807,
    0.9240393042564392,
    0.9383378028869629,
    0.94280606508255,
    0.9472743272781372
  ]
}