{
  "game": "game6",
  "n_frames": 92,
  "n_squares": 5888,
  "per_square_acc": 0.8668478260869565,
  "per_board_acc": 0.0,
  "n_all_correct": 0,
  "mean_squares_correct": 55.47826086956522,
  "piece_only_acc": 0.6563467492260062,
  "loss": 0.6182990764146266,
  "per_class_acc": {
    "wP": 0.993660855784469,
    "wR": 0.9659090909090909,
    "wN": 0.14678899082568808,
    "wB": 0.06666666666666667,
    "wQ": 0.0,
    "wK": 0.010869565217391304,
    "bP": 0.9919743178170144,
    "bR": 0.9204545454545454,
    "bN": 0.034782608695652174,
    "bB": 0.21008403361344538,
    "bQ": 0.16304347826086957,
    "bK": 0.043478260869565216,
    "empty": 0.9980700303280948
  }
}