{
  "n_frames": 55,
  "n_squares": 3520,
  "per_square_acc": 0.9389204545454546,
  "per_square_acc_before_ft": 0.5670454545454545,
  "improvement_over_baseline": 0.37187500000000007,
  "per_board_acc": 0.0,
  "n_all_correct": 0,
  "mean_squares_correct": 60.09090909090909,
  "piece_only_acc": 0.8653113087674714,
  "loss": 0.2237574964761734,
  "per_class_acc": {
    "wP": 0.982051282051282,
    "wR": 0.967741935483871,
    "wN": 0.5121951219512195,
    "wB": 0.8636363636363636,
    "wQ": 0.6727272727272727,
    "wK": 0.8909090909090909,
    "bP": 0.9716494845360825,
    "bR": 0.8363636363636363,
    "bN": 0.9512195121951219,
    "bB": 0.6161616161616161,
    "bQ": 0.14545454545454545,
    "bK": 0.9090909090909091,
    "empty": 0.9984583761562179
  }
}