{
  "balance_strength": 0.3,
  "balance_formula": "inv_sqrt",
  "empty_tol": 0.01,
  "game7": {
    "empty_baseline": 0.9984583761562179,
    "empty_after": 0.9984583761562179,
    "empty_drop": 0.0,
    "wP_after": 0.982051282051282,
    "bP_after": 0.9716494845360825
  },
  "held_out_2_6": {
    "empty_baseline": 0.9985307081986482,
    "empty_after": 0.9979429914781075,
    "empty_drop": 0.0005877167205406986,
    "wP_after": 0.9636363636363636,
    "bP_after": 0.958005249343832
  },
  "over_correction_flag": false
}