{
  "game": "game6",
  "n_frames": 92,
  "n_squares": 5888,
  "per_square_acc": 0.8661684782608695,
  "per_board_acc": 0.0,
  "n_all_correct": 0,
  "mean_squares_correct": 55.43478260869565,
  "piece_only_acc": 0.6541353383458647,
  "loss": 0.5366978635606559,
  "per_class_acc": {
    "wP": 0.9524564183835182,
    "wR": 0.9659090909090909,
    "wN": 0.22018348623853212,
    "wB": 0.06666666666666667,
    "wQ": 0.043478260869565216,
    "wK": 0.16304347826086957,
    "bP": 0.9919743178170144,
    "bR": 0.8977272727272727,
    "bN": 0.043478260869565216,
    "bB": 0.19327731092436976,
    "bQ": 0.14130434782608695,
    "bK": 0.043478260869565216,
    "empty": 0.9983457402812241
  }
}