{
  "balance_strength": 0.5,
  "balance_formula": "inv_sqrt",
  "empty_tol": 0.01,
  "game7": {
    "empty_baseline": 0.9984583761562179,
    "empty_after": 0.9984583761562179,
    "empty_drop": 0.0,
    "wP_after": 0.982051282051282,
    "bP_after": 0.9587628865979382
  },
  "held_out_2_6": {
    "empty_baseline": 0.9985307081986482,
    "empty_after": 0.9982368498383779,
    "empty_drop": 0.00029385836027029377,
    "wP_after": 0.9298701298701298,
    "bP_after": 0.9623797025371829
  },
  "over_correction_flag": false
}