{
  "n_frames": 55,
  "n_squares": 3520,
  "per_square_acc": 0.7985795454545455,
  "per_square_acc_before_ft": 0.31363636363636366,
  "improvement_over_baseline": 0.4849431818181818,
  "per_board_acc": 0.0,
  "n_all_correct": 0,
  "mean_squares_correct": 51.10909090909091,
  "piece_only_acc": 0.5584498094027954,
  "loss": 0.6293893987482244,
  "per_class_acc": {
    "wP": 0.8256410256410256,
    "wR": 0.8172043010752689,
    "wN": 0.06097560975609756,
    "wB": 0.2909090909090909,
    "wQ": 0.03636363636363636,
    "wK": 0.3090909090909091,
    "bP": 0.6752577319587629,
    "bR": 0.6454545454545455,
    "bN": 0.1951219512195122,
    "bB": 0.1717171717171717,
    "bQ": 0.18181818181818182,
    "bK": 0.8909090909090909,
    "empty": 0.9928057553956835
  }
}