{
  "n_samples": 19584,
  "slice_frac": 0.05,
  "overall_acc_after_ft": 0.9025224673202614,
  "overall_acc_before_ft": 0.20741421568627452,
  "catastrophic_forgetting_delta": 0.6951082516339869,
  "piece_only_acc": 0.7100109666301112,
  "loss": 0.295878790245921,
  "per_class_acc": {
    "wP": 0.9842565597667638,
    "wR": 0.6828087167070218,
    "wN": 0.3374233128834356,
    "wB": 0.21122112211221122,
    "wQ": 0.02185792349726776,
    "wK": 0.45751633986928103,
    "bP": 0.9842615012106537,
    "bR": 0.6848341232227488,
    "bN": 0.4100418410041841,
    "bB": 0.15384615384615385,
    "bQ": 0.08888888888888889,
    "bK": 0.5326797385620915,
    "empty": 0.9956063934550413
  }
}