{
  "model": "DINOv2-ViT-S/14 zeroshot",
  "run_name": "dino_zeroshot",
  "source_weights": "DINOv2-pretrained",
  "input_size": 224,
  "test_partition": [
    "game2",
    "game6"
  ],
  "eval_path": "verbatim rescan RealGameDataset + metrics; resize-to-INPUT then ImageNet-normalize in dino_eval_loader (same crops/metric as ResNet/ConvNeXt, + DINO resize)",
  "n_squares": 10816,
  "per_square_acc": 0.7800480769230769,
  "piece_only_acc": 0.5478802992518703,
  "empty_acc": 0.916838084043491,
  "per_class_acc": {
    "wP": 0.5974025974025974,
    "wR": 0.719047619047619,
    "wN": 0.005917159763313609,
    "wB": 0.25862068965517243,
    "wQ": 0.20454545454545456,
    "wK": 0.07100591715976332,
    "bP": 0.7839020122484689,
    "bR": 0.5188679245283019,
    "bN": 0.52046783625731,
    "bB": 0.6171428571428571,
    "bQ": 0.5190839694656488,
    "bK": 0.0,
    "empty": 0.916838084043491
  },
  "per_game": {
    "game2": {
      "n_frames": 77,
      "n_squares": 4928,
      "per_square": 0.8329951298701299,
      "piece_only": 0.6237850200114351
    },
    "game6": {
      "n_frames": 92,
      "n_squares": 5888,
      "per_square": 0.735733695652174,
      "piece_only": 0.4891640866873065
    }
  }
}