{
  "n_squares": 3520,
  "per_square_acc": 0.696875,
  "per_square_acc_before": 0.06221590909090909,
  "piece_only_acc": 0.44218551461245237,
  "loss": 2.258244848251343,
  "per_class_acc": {
    "wP": 0.558974358974359,
    "wR": 0.3548387096774194,
    "wN": 0.0,
    "wB": 0.7181818181818181,
    "wQ": 0.0,
    "wK": 0.0,
    "bP": 0.5412371134020618,
    "bR": 0.5545454545454546,
    "bN": 0.024390243902439025,
    "bB": 0.6161616161616161,
    "bQ": 0.5818181818181818,
    "bK": 0.0,
    "empty": 0.9028776978417267
  }
}