{
  "n_samples": 19584,
  "slice_frac": 0.05,
  "source_weights": "DINOv2-pretrained",
  "synth_monitor_acc_before": 0.6472630718954249,
  "synth_monitor_acc_after": 0.9998978758169934,
  "forgetting_delta": 0.35263480392156854,
  "piece_only_acc": 0.9996866677111076,
  "loss": 0.00029242654046161154,
  "per_class_acc": {
    "wP": 1.0,
    "wR": 1.0,
    "wN": 1.0,
    "wB": 1.0,
    "wQ": 1.0,
    "wK": 0.9967320261437909,
    "bP": 1.0,
    "bR": 1.0,
    "bN": 1.0,
    "bB": 1.0,
    "bQ": 0.9944444444444445,
    "bK": 1.0,
    "empty": 1.0
  },
  "note": "\u0394 vs source weights. zeroshot/stage5/linprobe source=DINOv2-pretrained (~chance on synth) so \u0394 is acquisition not forgetting; stage3 source=dino_zeroshot so \u0394 is true forgetting. linprobe backbone is frozen so synth ability is fully retained."
}