{
  "game": "game6",
  "n_frames": 92,
  "n_squares": 5888,
  "per_square_acc": 0.8682065217391305,
  "per_board_acc": 0.0,
  "n_all_correct": 0,
  "mean_squares_correct": 55.56521739130435,
  "piece_only_acc": 0.6585581601061478,
  "loss": 0.5983390762754108,
  "per_class_acc": {
    "wP": 0.993660855784469,
    "wR": 0.9659090909090909,
    "wN": 0.11926605504587157,
    "wB": 0.08333333333333333,
    "wQ": 0.0,
    "wK": 0.03260869565217391,
    "bP": 0.9919743178170144,
    "bR": 0.9090909090909091,
    "bN": 0.043478260869565216,
    "bB": 0.2605042016806723,
    "bQ": 0.15217391304347827,
    "bK": 0.03260869565217391,
    "empty": 0.9988971601874828
  }
}