{
  "n_samples": 19584,
  "slice_frac": 0.05,
  "overall_acc_after_ft": 0.8704554738562091,
  "overall_acc_before_ft": 0.9997446895424836,
  "catastrophic_forgetting_delta": -0.1292892156862745,
  "piece_only_acc": 0.6031646561178129,
  "loss": 0.5251667378287689,
  "per_class_acc": {
    "wP": 0.7924198250728863,
    "wR": 0.3196125907990315,
    "wN": 0.003067484662576687,
    "wB": 0.22112211221122113,
    "wQ": 0.09289617486338798,
    "wK": 0.06862745098039216,
    "bP": 0.9915254237288136,
    "bR": 0.933649289099526,
    "bN": 0.7071129707112971,
    "bB": 0.10355029585798817,
    "bQ": 0.08888888888888889,
    "bK": 0.0032679738562091504,
    "empty": 0.9996969926520718
  }
}