{
  "n_samples": 19584,
  "slice_frac": 0.05,
  "source_weights": "/home/eladbaum/chess_project/convnext/checkpoints/convnext_zeroshot/best_synth.pt",
  "synth_monitor_acc_before": 0.9997957516339869,
  "synth_monitor_acc_after": 0.963796977124183,
  "forgetting_delta": -0.03599877450980393,
  "piece_only_acc": 0.8897070343098856,
  "loss": 0.1432021075668589,
  "per_class_acc": {
    "wP": 0.9224489795918367,
    "wR": 0.9806295399515739,
    "wN": 0.8711656441717791,
    "wB": 0.858085808580858,
    "wQ": 0.7158469945355191,
    "wK": 0.761437908496732,
    "bP": 0.9969733656174334,
    "bR": 0.9312796208530806,
    "bN": 0.9707112970711297,
    "bB": 0.7071005917159763,
    "bQ": 0.6833333333333333,
    "bK": 0.49019607843137253,
    "empty": 0.9996212408150897
  },
  "note": "\u0394 vs source weights. zeroshot/stage5 source=ImageNet (~chance) so \u0394 is acquisition not forgetting; stage3 source=convnext_zeroshot so \u0394 is true forgetting."
}