{
  "n_squares": 3520,
  "per_square_acc": 0.9806818181818182,
  "per_square_acc_before": 0.27244318181818183,
  "piece_only_acc": 0.9593392630241423,
  "loss": 0.10452996028947051,
  "per_class_acc": {
    "wP": 0.9923076923076923,
    "wR": 1.0,
    "wN": 0.9390243902439024,
    "wB": 0.9454545454545454,
    "wQ": 0.9090909090909091,
    "wK": 0.9818181818181818,
    "bP": 0.979381443298969,
    "bR": 0.9363636363636364,
    "bN": 0.9878048780487805,
    "bB": 0.8888888888888888,
    "bQ": 0.7454545454545455,
    "bK": 0.9454545454545454,
    "empty": 0.9979445015416238
  }
}