{
  "n_samples": 19584,
  "slice_frac": 0.05,
  "source_weights": "ImageNet",
  "synth_monitor_acc_before": 0.40762867647058826,
  "synth_monitor_acc_after": 0.998672385620915,
  "forgetting_delta": 0.5910437091503267,
  "piece_only_acc": 0.9959266802443992,
  "loss": 0.003917166981293621,
  "per_class_acc": {
    "wP": 0.9988338192419826,
    "wR": 0.9830508474576272,
    "wN": 1.0,
    "wB": 0.9933993399339934,
    "wQ": 0.9617486338797814,
    "wK": 0.9934640522875817,
    "bP": 1.0,
    "bR": 1.0,
    "bN": 1.0,
    "bB": 0.9940828402366864,
    "bQ": 0.9833333333333333,
    "bK": 0.9967320261437909,
    "empty": 1.0
  },
  "note": "\u0394 vs source weights. zeroshot/stage5 source=ImageNet (~chance) so \u0394 is acquisition not forgetting; stage3 source=convnext_zeroshot so \u0394 is true forgetting."
}