{
  "game": "game2",
  "n_frames": 77,
  "n_squares": 4928,
  "per_square_acc": 0.9561688311688312,
  "per_board_acc": 0.07792207792207792,
  "n_all_correct": 6,
  "mean_squares_correct": 61.1948051948052,
  "piece_only_acc": 0.8799313893653516,
  "loss": 0.13491368027670042,
  "per_class_acc": {
    "wP": 0.9351145038167938,
    "wR": 0.9836065573770492,
    "wN": 0.7333333333333333,
    "wB": 0.8888888888888888,
    "wQ": 0.475,
    "wK": 0.948051948051948,
    "bP": 0.9230769230769231,
    "bR": 0.8548387096774194,
    "bN": 0.8571428571428571,
    "bB": 0.6071428571428571,
    "bQ": 0.4358974358974359,
    "bK": 0.7792207792207793,
    "empty": 0.9981126140295691
  }
}