{
  "n_frames": 55,
  "n_squares": 3520,
  "per_square_acc": 0.9386363636363636,
  "per_square_acc_before_ft": 0.5670454545454545,
  "improvement_over_baseline": 0.3715909090909091,
  "per_board_acc": 0.0,
  "n_all_correct": 0,
  "mean_squares_correct": 60.07272727272727,
  "piece_only_acc": 0.8646759847522236,
  "loss": 0.23031301471320065,
  "per_class_acc": {
    "wP": 0.9846153846153847,
    "wR": 0.978494623655914,
    "wN": 0.5121951219512195,
    "wB": 0.8545454545454545,
    "wQ": 0.6181818181818182,
    "wK": 0.9272727272727272,
    "bP": 0.9664948453608248,
    "bR": 0.8363636363636363,
    "bN": 0.9634146341463414,
    "bB": 0.6161616161616161,
    "bQ": 0.14545454545454545,
    "bK": 0.9090909090909091,
    "empty": 0.9984583761562179
  }
}