{
  "overhead": [
    [
      8.410700981608889,
      8.264362022296961
    ],
    [
      503.0923844936136,
      7.2244196831071354
    ],
    [
      501.8222302449901,
      503.08802149949156
    ],
    [
      9.325264194292735,
      501.848380085568
    ]
  ],
  "west": [
    [
      8.590827178531296,
      8.537112611154733
    ],
    [
      492.9945223812513,
      8.1481515959511
    ],
    [
      493.43208836756503,
      502.6714157096171
    ],
    [
      6.743080382429465,
      503.18670931189763
    ]
  ],
  "east": [
    [
      18.405966957990866,
      8.966287321737445
    ],
    [
      502.65386647098063,
      10.246631155662918
    ],
    [
      503.4859231621107,
      501.203136830625
    ],
    [
      18.061749588600367,
      503.00687353654075
    ]
  ]
}