{
  "train_loss": [
    0.250241888402279,
    0.0549984542403821,
    0.034869388086946715,
    0.022883472617146124,
    0.014511461097933945,
    0.009720248863683823,
    0.004721525039933147,
    0.0027639957828518406,
    0.0018677919725650198,
    0.0014987666693793767
  ],
  "train_acc": [
    0.9375637564689491,
    0.9840266719745223,
    0.9890385524482485,
    0.9916758932125797,
    0.9941748357882165,
    0.9955183867436306,
    0.9969085887738853,
    0.9977949591958599,
    0.9981386221138535,
    0.9984263037420382
  ],
  "val_loss": [
    0.07346148211159431,
    0.05615581123955661,
    0.03501862819182543,
    0.03321826172421642,
    0.022379797213345473,
    0.01835522794587516,
    0.013215696913079077,
    0.007892604423537052,
    0.00836140524128702,
    0.008210468239214818
  ],
  "val_acc": [
    0.9790130697050938,
    0.9875865728328865,
    0.990853999106345,
    0.9932556970509383,
    0.993548927613941,
    0.9960204423592494,
    0.997221291331546,
    0.9970956210902592,
    0.9976401921358355,
    0.9978636058981233
  ],
  "val_board_acc": [
    0.6130473613739014,
    0.6541554927825928,
    0.7470956444740295,
    0.7908847332000732,
    0.794459342956543,
    0.8364611268043518,
    0.8838248252868652,
    0.8775692582130432,
    0.8936550617218018,
    0.9025915861129761
  ]
}