{
  "balance_strength": 0.3,
  "balance_formula": "inv_sqrt",
  "beta": null,
  "n_train_squares": 20672,
  "class_short": [
    "wP",
    "wR",
    "wN",
    "wB",
    "wQ",
    "wK",
    "bP",
    "bR",
    "bN",
    "bB",
    "bQ",
    "bK",
    "empty"
  ],
  "counts": {
    "wP": 1376,
    "wR": 435,
    "wN": 308,
    "wB": 231,
    "wQ": 105,
    "wK": 323,
    "bP": 1227,
    "bR": 426,
    "bN": 144,
    "bB": 302,
    "bQ": 104,
    "bK": 323,
    "empty": 15368
  },
  "weights": {
    "wP": 0.843914270401001,
    "wR": 0.9559577703475952,
    "wN": 1.0041848421096802,
    "wB": 1.051242470741272,
    "wQ": 1.220976710319519,
    "wK": 0.9970378279685974,
    "bP": 0.8524020314216614,
    "bR": 0.9586474299430847,
    "bN": 1.1448686122894287,
    "bB": 1.007191777229309,
    "bQ": 1.223475456237793,
    "bK": 0.9970378279685974,
    "empty": 0.7430630326271057
  },
  "note": "strength=0.0 yields all-ones weights == plain CrossEntropyLoss; counts from 30 manual + game4 + game5 PGN only (no synth, no test/monitor)."
}