{
  "game": "game2",
  "n_frames": 77,
  "n_squares": 4928,
  "per_square_acc": 0.9543425324675324,
  "per_board_acc": 0.03896103896103896,
  "n_all_correct": 3,
  "mean_squares_correct": 61.077922077922075,
  "piece_only_acc": 0.8753573470554603,
  "loss": 0.13664392289983762,
  "per_class_acc": {
    "wP": 0.9274809160305344,
    "wR": 0.9836065573770492,
    "wN": 0.75,
    "wB": 0.8703703703703703,
    "wQ": 0.625,
    "wK": 0.948051948051948,
    "bP": 0.9173076923076923,
    "bR": 0.8548387096774194,
    "bN": 0.8392857142857143,
    "bB": 0.5535714285714286,
    "bQ": 0.4358974358974359,
    "bK": 0.7402597402597403,
    "empty": 0.9977980497011639
  }
}