{
  "n_samples": 19584,
  "slice_frac": 0.05,
  "overall_acc_after_ft": 0.868515114379085,
  "overall_acc_before_ft": 0.9997446895424836,
  "catastrophic_forgetting_delta": -0.13122957516339862,
  "piece_only_acc": 0.5979946733510888,
  "loss": 0.5538488361083604,
  "per_class_acc": {
    "wP": 0.7924198250728863,
    "wR": 0.3728813559322034,
    "wN": 0.003067484662576687,
    "wB": 0.2508250825082508,
    "wQ": 0.04918032786885246,
    "wK": 0.06862745098039216,
    "bP": 0.9933414043583535,
    "bR": 0.9265402843601895,
    "bN": 0.5271966527196653,
    "bB": 0.10650887573964497,
    "bQ": 0.016666666666666666,
    "bK": 0.0,
    "empty": 0.9993182334671615
  }
}