{
  "n_frames": 55,
  "n_squares": 3520,
  "per_square_acc": 0.9448863636363637,
  "per_square_acc_before_ft": 0.5664772727272728,
  "improvement_over_baseline": 0.3784090909090909,
  "per_board_acc": 0.0,
  "n_all_correct": 0,
  "mean_squares_correct": 60.472727272727276,
  "piece_only_acc": 0.8786531130876747,
  "loss": 0.21336239268156615,
  "per_class_acc": {
    "wP": 0.9794871794871794,
    "wR": 0.978494623655914,
    "wN": 0.5853658536585366,
    "wB": 0.9,
    "wQ": 0.6909090909090909,
    "wK": 0.9818181818181818,
    "bP": 0.9742268041237113,
    "bR": 0.8727272727272727,
    "bN": 0.9634146341463414,
    "bB": 0.5757575757575758,
    "bQ": 0.2,
    "bK": 0.9090909090909091,
    "empty": 0.9984583761562179
  }
}