{
  "game": "game6",
  "n_frames": 92,
  "n_squares": 5888,
  "per_square_acc": 0.8794157608695652,
  "per_board_acc": 0.0,
  "n_all_correct": 0,
  "mean_squares_correct": 56.28260869565217,
  "piece_only_acc": 0.6934984520123839,
  "loss": 0.435826921592588,
  "per_class_acc": {
    "wP": 0.9825673534072901,
    "wR": 0.9772727272727273,
    "wN": 0.027522935779816515,
    "wB": 0.4083333333333333,
    "wQ": 0.14130434782608695,
    "wK": 0.31521739130434784,
    "bP": 0.9903691813804173,
    "bR": 0.7840909090909091,
    "bN": 0.3739130434782609,
    "bB": 0.09243697478991597,
    "bQ": 0.29347826086956524,
    "bK": 0.010869565217391304,
    "empty": 0.9953129307968017
  }
}