{
  "game": "game2",
  "n_frames": 77,
  "n_squares": 4928,
  "per_square_acc": 0.8319805194805194,
  "per_board_acc": 0.0,
  "n_all_correct": 0,
  "mean_squares_correct": 53.246753246753244,
  "piece_only_acc": 0.551743853630646,
  "loss": 0.5877061424317298,
  "per_class_acc": {
    "wP": 0.7309160305343512,
    "wR": 0.6967213114754098,
    "wN": 0.016666666666666666,
    "wB": 0.7592592592592593,
    "wQ": 0.2,
    "wK": 0.0,
    "bP": 0.6884615384615385,
    "bR": 0.33064516129032256,
    "bN": 0.5178571428571429,
    "bB": 0.017857142857142856,
    "bQ": 0.10256410256410256,
    "bK": 0.18181818181818182,
    "empty": 0.986159169550173
  }
}