{
  "game": "game6",
  "n_frames": 92,
  "n_squares": 5888,
  "per_square_acc": 0.8678668478260869,
  "per_board_acc": 0.0,
  "n_all_correct": 0,
  "mean_squares_correct": 55.54347826086956,
  "piece_only_acc": 0.6576735957540911,
  "loss": 0.5974697843194008,
  "per_class_acc": {
    "wP": 0.993660855784469,
    "wR": 0.9659090909090909,
    "wN": 0.11926605504587157,
    "wB": 0.075,
    "wQ": 0.0,
    "wK": 0.021739130434782608,
    "bP": 0.9919743178170144,
    "bR": 0.9090909090909091,
    "bN": 0.043478260869565216,
    "bB": 0.2605042016806723,
    "bQ": 0.16304347826086957,
    "bK": 0.021739130434782608,
    "empty": 0.9988971601874828
  }
}