{
  "game": "game2",
  "n_frames": 77,
  "n_squares": 4928,
  "per_square_acc": 0.9567775974025974,
  "per_board_acc": 0.09090909090909091,
  "n_all_correct": 7,
  "mean_squares_correct": 61.23376623376623,
  "piece_only_acc": 0.8816466552315609,
  "loss": 0.1346517177419616,
  "per_class_acc": {
    "wP": 0.9351145038167938,
    "wR": 0.9836065573770492,
    "wN": 0.7333333333333333,
    "wB": 0.8888888888888888,
    "wQ": 0.5,
    "wK": 0.948051948051948,
    "bP": 0.926923076923077,
    "bR": 0.8548387096774194,
    "bN": 0.8571428571428571,
    "bB": 0.6071428571428571,
    "bQ": 0.4358974358974359,
    "bK": 0.7792207792207793,
    "empty": 0.9981126140295691
  }
}