{
  "n_samples": 19584,
  "slice_frac": 0.05,
  "overall_acc_after_ft": 0.870046977124183,
  "overall_acc_before_ft": 0.9997446895424836,
  "catastrophic_forgetting_delta": -0.12969771241830064,
  "piece_only_acc": 0.6019113269622435,
  "loss": 0.5251382930703412,
  "per_class_acc": {
    "wP": 0.7912536443148688,
    "wR": 0.31234866828087166,
    "wN": 0.003067484662576687,
    "wB": 0.22112211221122113,
    "wQ": 0.08743169398907104,
    "wK": 0.06862745098039216,
    "bP": 0.9909200968523002,
    "bR": 0.9289099526066351,
    "bN": 0.7154811715481172,
    "bB": 0.10355029585798817,
    "bQ": 0.08888888888888889,
    "bK": 0.0,
    "empty": 0.9996969926520718
  }
}