{
  "model": "zero-shot synth-only (v1 baseline, zero_shot/results/best_synth.pt)",
  "test_partition": [
    "game2",
    "game6"
  ],
  "eval_path": "verbatim RealGameDataset (train.py Cell 5) + ImageNet-normalize -> argmax; same loaders/metric as Stage 3 & Stage 5 held-out 2/6 (harness reproduced s00 0.9085 exactly)",
  "n_frames": 169,
  "n_squares": 10816,
  "per_square_acc": 0.5137758875739645,
  "piece_only_acc": 0.22718204488778054,
  "empty_acc": 0.6826329709080223,
  "per_class_acc": {
    "wP": 0.07012987012987013,
    "wR": 0.3,
    "wN": 0.05325443786982249,
    "wB": 0.040229885057471264,
    "wQ": 0.5378787878787878,
    "wK": 0.0,
    "bP": 0.4899387576552931,
    "bR": 0.14150943396226415,
    "bN": 0.1111111111111111,
    "bB": 0.09142857142857143,
    "bQ": 0.3511450381679389,
    "bK": 0.05325443786982249,
    "empty": 0.6826329709080223
  },
  "per_game": {
    "game2": {
      "per_square": 0.518060064935065,
      "piece_only": 0.07718696397941681
    },
    "game6": {
      "per_square": 0.5101902173913043,
      "piece_only": 0.3432109685979655
    }
  }
}