{
  "game": "game2",
  "n_frames": 77,
  "n_squares": 4928,
  "per_square_acc": 0.7790178571428571,
  "per_board_acc": 0.0,
  "n_all_correct": 0,
  "mean_squares_correct": 49.857142857142854,
  "piece_only_acc": 0.47913093196112067,
  "loss": 0.8040463111617349,
  "per_class_acc": {
    "wP": 0.6851145038167938,
    "wR": 0.7377049180327869,
    "wN": 0.0,
    "wB": 0.5370370370370371,
    "wQ": 0.125,
    "wK": 0.0,
    "bP": 0.5173076923076924,
    "bR": 0.4032258064516129,
    "bN": 0.42857142857142855,
    "bB": 0.0,
    "bQ": 0.2564102564102564,
    "bK": 0.025974025974025976,
    "empty": 0.9440075495438818
  }
}