{
  "game": "game6",
  "n_frames": 92,
  "n_squares": 5888,
  "per_square_acc": 0.8636209239130435,
  "per_board_acc": 0.0,
  "n_all_correct": 0,
  "mean_squares_correct": 55.27173913043478,
  "piece_only_acc": 0.6598850066342327,
  "loss": 0.5572855365665063,
  "per_class_acc": {
    "wP": 0.9667194928684627,
    "wR": 0.9659090909090909,
    "wN": 0.0,
    "wB": 0.4666666666666667,
    "wQ": 0.0,
    "wK": 0.29347826086956524,
    "bP": 0.9759229534510433,
    "bR": 0.42045454545454547,
    "bN": 0.28695652173913044,
    "bB": 0.11764705882352941,
    "bQ": 0.2391304347826087,
    "bK": 0.0,
    "empty": 0.9906258615936036
  }
}