{
  "game": "game5",
  "n_frames": 109,
  "n_squares": 6976,
  "per_square_acc": 0.7974483944954128,
  "per_board_acc": 0.0,
  "n_all_correct": 0,
  "mean_squares_correct": 51.03669724770642,
  "piece_only_acc": 0.42431761786600497,
  "loss": 0.7591835758007994,
  "per_class_acc": {
    "wP": 0.6452830188679245,
    "wR": 0.5987261146496815,
    "wN": 0.0,
    "wB": 0.33043478260869563,
    "wQ": 0.09090909090909091,
    "wK": 0.0,
    "bP": 0.5018867924528302,
    "bR": 0.55,
    "bN": 0.23684210526315788,
    "bB": 0.0,
    "bQ": 0.32558139534883723,
    "bK": 0.0,
    "empty": 0.9490022172949002
  }
}