{
  "n_frames": 55,
  "n_squares": 3520,
  "per_square_acc": 0.7633522727272727,
  "per_square_acc_before_ft": 0.5670454545454545,
  "improvement_over_baseline": 0.19630681818181817,
  "per_board_acc": 0.0,
  "n_all_correct": 0,
  "mean_squares_correct": 48.85454545454545,
  "piece_only_acc": 0.5158831003811944,
  "loss": 0.9660827376625755,
  "per_class_acc": {
    "wP": 0.7410256410256411,
    "wR": 0.6021505376344086,
    "wN": 0.0,
    "wB": 0.45454545454545453,
    "wQ": 0.0,
    "wK": 0.0,
    "bP": 0.6701030927835051,
    "bR": 0.7363636363636363,
    "bN": 0.24390243902439024,
    "bB": 0.1919191919191919,
    "bQ": 0.6727272727272727,
    "bK": 0.0,
    "empty": 0.9635149023638232
  }
}